input,percentage_correct
rule,1.0
az_simple,0.8181818181818182
p4md,0.9090909090909091
az_complex,0.8181818181818182
p4txt,0.9090909090909091
