input,precision,recall,f1
rule,1.0,1.0,1.0
az_simple,0.6,1.0,0.75
p4md,0.6,1.0,0.75
az_complex,0.75,1.0,0.8571428571428571
p4txt,0.5,1.0,0.6666666666666666
