input,precision,recall,f1,mcc
rule,1.0,1.0,1.0,1.0
az_simple,0.6,1.0,0.75,0.4472135954999579
p4md,0.6,1.0,0.75,0.4472135954999579
az_complex,1.0,1.0,1.0,1.0
p4txt,0.6,1.0,0.75,
