input,precision,recall,f1,mcc
rule,1.0,1.0,1.0,1.0
az_simple,1.0,1.0,1.0,1.0
p4md,1.0,1.0,1.0,1.0
az_complex,1.0,0.8333333333333334,0.9090909090909091,0.8333333333333334
p4txt,1.0,0.8333333333333334,0.9090909090909091,0.8333333333333334
